Username,Gender,Age,Kilograms,Country,CCType
Andendee,male,80,68.3,BR,MasterCard
Evexcusbably,female,59,54.6,BR,Visa
Sprill,male,59,107.1,BR,MasterCard
Anch1940,male,81,60.4,BR,MasterCard
Youland,male,61,67.3,BR,MasterCard
Morge1937,female,84,66.1,BR,MasterCard
Grenthent,female,71,89.8,BR,Visa
Contery71,male,50,97.0,BR,Visa
Enswer,female,82,52.0,BR,MasterCard
Reakes48,female,73,49.2,BR,Visa
Requit,male,33,110.8,BR,MasterCard
Buten1974,female,46,99.5,BR,MasterCard
Uposurs,male,80,101.5,BR,MasterCard
Lieniner,male,29,103.2,BR,MasterCard
Noversetied,male,59,110.9,BR,Visa
Dideenable,female,64,101.2,BR,MasterCard
Fallines,male,26,74.1,BR,MasterCard
Gandaillon,male,78,103.0,BR,Visa
Madisenly1966,male,54,105.0,BR,MasterCard
Tairse49,female,72,58.1,BR,Visa
Appis1964,male,57,79.5,BR,Visa
Opearpead,male,59,72.1,BR,MasterCard
Thaving,male,52,68.0,BR,Visa
Falong,female,54,76.8,BR,MasterCard
Supothis,male,65,64.3,BR,Visa
Thaveleation,male,71,102.9,BR,Visa
Wited1995,male,26,81.8,BR,MasterCard
Thimplutwere,female,63,90.6,BR,MasterCard
Thavier,male,74,101.6,BR,MasterCard
Salogned,female,49,59.1,BR,Visa
Dought,male,53,88.2,BR,MasterCard
Mushoull,male,71,75.5,BR,MasterCard
Etwithe,female,75,90.3,BR,MasterCard
Aboddicum,female,36,67.2,BR,MasterCard
Pasomenton,female,70,61.0,BR,Visa
Meare1978,male,43,68.9,BR,MasterCard
Pracess,male,57,72.0,BR,Visa
Hielf1941,male,79,71.0,BR,Visa
Alacertut,male,77,80.8,BR,MasterCard
Restargem,male,27,109.4,BR,MasterCard
Lour1967,male,54,78.2,BR,MasterCard
Tharrife,male,41,109.9,BR,MasterCard
Sholeake,male,85,66.8,BR,MasterCard
Equitiardead,female,31,57.7,BR,MasterCard
Coug1946,female,74,89.2,BR,Visa
Liumber1944,female,76,62.7,BR,Visa
Goodst40,female,81,63.5,BR,Visa
Gunfoop1936,female,84,86.1,BR,Visa
Aran1971,male,49,90.6,BR,MasterCard
Sicisom,male,49,77.5,BR,MasterCard
Boulied1959,male,61,80.4,BR,MasterCard
Coughteeir,female,57,73.8,BR,MasterCard
Frothe,female,79,63.2,BR,MasterCard
Fornever,female,81,72.1,BR,MasterCard
Wandoothe,female,19,66.5,BR,Visa
Upostionots1989,male,31,77.7,BR,Visa
Siriand,female,74,96.2,BR,Visa
Youtertion,female,84,53.1,BR,Visa
Tiorstionat,female,28,76.8,BR,MasterCard
Pecom1987,male,34,96.8,BR,Visa
Shantoote,female,21,69.3,BR,Visa
Gerse1949,female,72,84.1,BR,Visa
Mazies,female,81,94.9,BR,MasterCard
Entlets,female,28,64.6,BR,MasterCard
Wormithe,male,57,107.3,BR,MasterCard
Decighte,male,27,96.0,BR,Visa
Lappency,female,63,66.8,BR,Visa
Hishadinin38,female,82,65.4,BR,Visa
Forearth78,female,43,55.1,BR,Visa
Cole1962,female,59,76.4,BR,MasterCard
Nath1969,female,51,74.7,BR,Visa
Hored1978,male,42,69.8,BR,MasterCard
Hadge1966,female,54,98.4,BR,Visa
Fores1960,female,61,84.9,BR,MasterCard
Youpirse,female,40,96.6,BR,MasterCard
Arehiscied1993,female,28,100.6,BR,Visa
Anctioni71,female,50,57.1,BR,MasterCard
Inuitch,female,50,103.8,BR,Visa
Luelf1992,female,28,88.2,BR,MasterCard
Pron1940,male,81,102.5,BR,Visa
Diefuld,male,82,81.5,BR,Visa
Thereat,female,26,72.4,BR,Visa
Prew1990,female,30,92.8,BR,MasterCard
Holdrested1990,female,31,59.0,BR,Visa
Tretind,male,65,86.3,BR,MasterCard
Gotin1958,male,63,66.9,BR,MasterCard
Coldst,female,19,82.2,BR,Visa
Ovisting,male,52,68.1,BR,Visa
Offorn,male,67,93.9,BR,MasterCard
Theartumety,male,19,93.4,BR,Visa
Weemaking,male,23,60.4,BR,MasterCard
Anstandn,male,44,76.2,BR,Visa
Alkincom,female,35,88.3,BR,MasterCard
Kinger,male,39,65.4,BR,MasterCard
Worgetwoncer,female,63,88.9,BR,Visa
Hativaing,female,41,74.9,BR,Visa
Subt1941,female,80,83.2,BR,Visa
Bareselle,male,52,77.7,BR,MasterCard
Pratichap,female,45,98.9,BR,Visa
Pationol,female,80,85.8,BR,MasterCard
Beivat,female,44,87.6,BR,Visa
Ondritted,male,66,109.8,BR,MasterCard
Susenter,male,30,108.7,BR,Visa
Yousagannot,male,46,109.3,BR,MasterCard
Pongs1965,male,55,77.4,BR,Visa
Wene1993,female,28,100.3,BR,MasterCard
Camileat,male,56,83.4,BR,Visa
Boser1979,male,42,74.5,BR,MasterCard
Saways,male,84,100.5,BR,Visa
Laddelf,female,80,58.7,BR,Visa
Shoubless,female,84,72.7,BR,MasterCard
Thannot,male,36,86.8,BR,MasterCard
Houggettere,female,79,98.0,BR,MasterCard
Nich1979,male,41,87.4,BR,Visa
Anducce,female,70,87.2,BR,MasterCard
Ballend,male,75,88.2,BR,Visa
Supeceat,male,40,85.7,BR,MasterCard
Wifear,male,25,91.4,BR,Visa
Arrep1999,male,21,86.3,BR,MasterCard
Edminced,female,84,53.8,BR,MasterCard
Wainewhim,female,50,103.8,BR,Visa
Curcasiblia,male,82,70.3,BR,MasterCard
Thithe,female,68,81.6,BR,MasterCard
Deast1971,female,49,60.6,BR,MasterCard
Pland1979,female,42,50.4,BR,Visa
Himpled,male,76,97.1,BR,Visa
Fitiong,female,51,91.4,BR,MasterCard
Ovestint1944,male,77,69.4,BR,Visa
Pecter,female,19,71.2,BR,Visa
Ackled,female,28,74.8,BR,Visa
Woorkepark,male,61,73.3,BR,Visa
Happich,female,71,52.1,BR,MasterCard
Sonform,male,19,62.2,BR,Visa
Affing,female,38,68.6,BR,Visa
Acquied,female,29,64.8,BR,MasterCard
Roing1994,male,26,107.0,BR,MasterCard
Hathow1965,female,56,94.2,BR,Visa
Adve1946,female,74,93.3,BR,Visa
Nowelir,male,83,69.7,BR,MasterCard
Agge1947,female,74,65.9,BR,Visa
Behisellin,female,76,76.0,BR,MasterCard
Forrind1950,female,70,101.0,BR,MasterCard
Thist1980,female,40,58.2,BR,MasterCard
Herstaked,female,51,74.4,BR,MasterCard
Kinters1961,male,60,95.7,BR,Visa
Lien1948,female,73,70.3,BR,MasterCard
Tescomirce93,female,28,59.8,BR,Visa
Pral1963,male,58,99.2,BR,Visa
Ahmetrigue,male,62,76.7,BR,MasterCard
Sibut1991,female,29,59.0,BR,MasterCard
Therhavery,female,30,94.1,BR,MasterCard
Guall1966,male,54,68.9,BR,Visa
Bood1962,male,58,90.7,BR,Visa
Aidd1976,male,45,101.0,BR,MasterCard
Zekere,female,38,78.8,BR,MasterCard
Auntudgeou,female,19,82.1,BR,MasterCard
Parge1961,male,59,75.3,BR,MasterCard
Thentlen,female,84,69.8,BR,MasterCard
Lifecyll,female,69,96.5,BR,Visa
Ement1955,male,65,110.8,BR,Visa
Pogmeher,male,82,78.2,BR,Visa
Woreser1963,female,57,92.0,BR,MasterCard
Momparbeft,male,37,78.4,BR,MasterCard
Stlece,female,54,70.8,BR,MasterCard
Maying,male,77,81.7,BR,MasterCard
Visely,male,35,93.5,BR,Visa
Prolker,female,22,75.5,BR,Visa
Andelibubled,male,19,82.6,BR,MasterCard
Brect1956,female,64,95.7,BR,MasterCard
Morte1985,female,35,79.0,BR,Visa
Athim1963,male,58,79.4,BR,MasterCard
Sponce,female,62,94.4,BR,Visa
Phest1993,male,27,62.6,BR,MasterCard
Tereptimbut94,female,27,58.3,BR,MasterCard
Cotioll,female,52,99.6,BR,MasterCard
Flarme,female,34,92.9,BR,MasterCard
Serso1948,male,73,80.9,BR,Visa
Grewle,female,24,97.8,BR,Visa
Forpets,female,73,60.5,BR,MasterCard
Satterep,male,75,99.5,BR,MasterCard
Mereass1945,male,76,66.8,BR,MasterCard
Toodis,male,38,67.7,BR,Visa
Mucconothave,male,44,84.8,BR,MasterCard
Miltrared,female,19,78.0,BR,MasterCard
Abled1953,female,68,58.4,BR,MasterCard
Wops1949,male,72,71.5,BR,MasterCard
Whadrect,male,45,93.7,BR,MasterCard
Trallese1967,male,54,98.4,BR,MasterCard
Abinimbed,male,38,83.3,BR,MasterCard
Uporg1994,male,26,89.6,BR,Visa
Whistenoter,female,62,76.7,BR,MasterCard
Prazed,male,70,103.4,BR,Visa
Theteras,female,48,100.0,BR,Visa
Vate1998,female,23,93.7,BR,MasterCard
Anclat,male,78,88.8,BR,MasterCard
Chaunt,male,42,103.8,BR,MasterCard
Laceparkely97,female,24,89.7,BR,Visa
Peding,female,22,62.8,BR,MasterCard
Theard,female,41,53.5,BR,Visa
Diestlyped,male,39,112.8,BR,Visa
Thats1988,female,32,83.5,BR,MasterCard
Mosen1983,female,38,92.1,BR,MasterCard
Reocken,male,76,101.4,BR,MasterCard
Batch1977,male,44,65.3,BR,Visa
Grentrold,female,63,63.2,BR,Visa
Annexclock,female,53,57.4,BR,Visa
Quisging,female,78,99.8,BR,MasterCard
Burminfely,female,48,60.9,BR,Visa
Grever,female,59,102.9,BR,Visa
Keent1967,male,54,104.7,BR,Visa
Yestanters,male,53,79.0,BR,MasterCard
Friver,male,33,65.3,BR,MasterCard
Hartatied,male,21,102.0,BR,MasterCard
Appremuch,male,85,85.6,BR,Visa
Prisomany1957,male,64,69.2,BR,Visa
Thavey,male,45,95.3,BR,MasterCard
Ableave,male,58,100.6,BR,MasterCard
Nortrinter1957,male,63,103.3,BR,Visa
Frasmils,female,39,85.0,BR,Visa
Dawas1945,male,76,91.6,BR,MasterCard
Oboy1939,female,81,89.6,BR,Visa
Ciaten94,female,27,80.4,BR,Visa
Youtterears,male,51,81.9,BR,Visa
Tagoink,male,81,95.1,BR,Visa
Beemsee,male,32,108.0,BR,MasterCard
Hision88,male,33,64.3,BR,Visa
Recies,male,40,90.5,BR,Visa
Bunpremong1973,male,48,66.1,BR,Visa
Liturmlime,male,42,113.6,BR,MasterCard
Twoult,female,82,59.9,BR,Visa
Foraors,male,24,71.8,BR,Visa
Suale1936,female,85,73.3,BR,Visa
Gloold,female,78,104.4,BR,Visa
Stooks,male,59,99.8,BR,Visa
Trive1981,male,39,101.1,BR,MasterCard
Ampary,female,75,55.4,BR,Visa
Nellove,male,38,99.0,BR,Visa
Avery1995,male,26,76.4,BR,Visa
Capask54,female,66,101.5,BR,Visa
Gialren68,female,53,56.4,BR,MasterCard
Evisold,female,54,82.4,BR,Visa
Colest1954,male,67,67.5,BR,MasterCard
Herought,female,80,80.4,BR,MasterCard
Whoplithe,female,26,75.7,BR,MasterCard
Sesposs,male,59,111.3,BR,MasterCard
Foophy,female,30,72.5,BR,MasterCard
Whimfoome,female,41,82.9,BR,MasterCard
Cond1999,male,21,65.7,BR,MasterCard
Accar1954,male,67,67.9,BR,MasterCard
Alesturbeack1973,female,48,80.7,BR,MasterCard
Bartaid,male,19,88.1,BR,MasterCard
Suffese,female,74,73.8,BR,Visa
Evered,female,78,102.2,BR,MasterCard
Cueen1975,female,46,91.9,BR,Visa
Therthicat,female,81,89.9,BR,MasterCard
Cusuch,female,52,66.8,BR,Visa
Sherack,female,37,55.4,BR,Visa
Sprems,female,44,56.1,BR,MasterCard
Loultorge,male,49,93.4,BR,Visa
Grandeon,male,23,64.9,BR,Visa
Haverping,male,81,82.4,BR,MasterCard
Romenswour74,female,46,70.7,BR,MasterCard
Wilis1996,male,24,74.5,BR,Visa
Camookeeas,male,37,103.0,BR,MasterCard
Abinimbed,female,69,68.2,BR,MasterCard
Thouturs,male,50,91.5,BR,Visa
Himmem,male,49,110.5,BR,MasterCard
Apither,male,75,83.0,BR,MasterCard
Lovent,female,31,67.2,BR,Visa
Sheroattept,female,52,73.9,BR,Visa
Andever,male,22,73.9,BR,Visa
Guits1961,female,59,65.0,BR,MasterCard
Sithe1998,male,23,90.2,BR,MasterCard
Fivocidsoned,male,62,62.0,BR,MasterCard
Pectill,female,25,49.8,BR,MasterCard
Malley,male,30,93.2,BR,Visa
Anistring1947,male,73,92.0,BR,Visa
Mader1953,female,67,98.9,BR,Visa
Knetch,male,47,77.6,BR,Visa
Blince,female,67,80.5,BR,MasterCard
Nintiost,male,20,89.1,BR,Visa
Inforent,female,37,73.7,BR,Visa
Acessays82,male,39,100.1,BR,MasterCard
Steened,male,21,67.7,BR,MasterCard
Pardow,male,61,91.3,BR,Visa
Thingety1992,female,29,56.6,BR,MasterCard
Fartmajer,male,71,65.4,BR,MasterCard
Bagith,female,64,99.7,BR,Visa
Thealks,female,50,51.3,BR,Visa
Verlable,female,74,83.3,BR,Visa
Yougailes,male,38,82.6,BR,MasterCard
Caming,male,44,97.6,BR,Visa
Whathe,male,82,94.1,BR,Visa
Hemperess,male,32,87.3,BR,MasterCard
Haked1974,male,46,96.4,BR,MasterCard
Jimed1958,female,63,66.5,BR,Visa
Undich86,male,34,104.9,BR,Visa
Pitions,female,22,56.4,BR,MasterCard
Hura1981,male,40,71.8,BR,MasterCard
Anament,female,72,93.7,BR,MasterCard
Whormill,male,36,109.5,BR,MasterCard
Yourache48,female,73,97.3,BR,Visa
Prions,female,38,62.4,BR,Visa
Whentlet,female,64,77.9,BR,Visa
Maysign,male,49,80.2,BR,Visa
Mucithe,male,53,78.2,BR,MasterCard
Shouratied63,female,58,68.8,BR,Visa
Richights,female,76,53.0,BR,MasterCard
Prehopecon,female,29,84.3,BR,MasterCard
Lects2000,female,21,48.6,BR,Visa
Faid1984,male,36,77.4,BR,Visa
Sayinten,male,29,79.1,BR,Visa
Hathingthe1938,female,83,78.2,BR,MasterCard
Faingentine53,male,68,109.7,BR,Visa
Mights,female,25,68.3,BR,Visa
Tagazier,male,66,100.3,BR,Visa
Alar1987,male,33,108.1,BR,MasterCard
Hinown,female,63,78.7,BR,MasterCard
Thapterefor,male,77,77.8,BR,Visa
Moodderge,male,31,87.0,BR,MasterCard
Guly1994,female,27,50.6,BR,Visa
Damendn,male,32,105.4,BR,MasterCard
Thavizings,male,59,100.7,BR,Visa
Chey1980,female,41,80.8,BR,Visa
Teryiest,male,55,76.9,BR,MasterCard
Plairsion1953,female,68,64.4,BR,MasterCard
Prajectow40,male,80,61.3,BR,MasterCard
Thappect,male,61,102.0,BR,Visa
Prourne38,female,82,86.2,BR,Visa
Hadeard,female,67,84.2,BR,MasterCard
Surns1971,male,50,69.1,BR,Visa
Lationd,female,41,75.8,BR,MasterCard
Herincladind,female,47,84.7,BR,MasterCard
Onely1987,female,33,66.1,BR,MasterCard
Knotherface,female,49,83.4,BR,Visa
Wifunds,male,19,98.5,BR,Visa
Ahmiltoorly,male,54,88.7,BR,MasterCard
Thishis,male,51,72.4,BR,Visa
Miturie,female,26,82.3,BR,MasterCard
Bannined,male,68,75.5,BR,Visa
Pecee1941,female,80,62.4,BR,MasterCard
Weepty,male,82,65.2,BR,MasterCard
Casted90,male,30,80.7,BR,MasterCard
Wirave,male,74,73.7,BR,MasterCard
Mortas,male,80,94.6,BR,Visa
Sedgerhy1943,male,78,82.2,BR,MasterCard
Weepleget,female,70,98.7,BR,MasterCard
Bobsoo1984,male,37,81.1,BR,MasterCard
Bectich,male,47,96.3,BR,Visa
Thatery,male,61,72.7,BR,MasterCard
Postartaing,female,34,102.9,BR,MasterCard
Shawat,female,78,51.9,BR,MasterCard
Bece1975,female,45,76.6,BR,MasterCard
Cationexprot,female,46,63.7,BR,Visa
Doutiou,male,34,66.7,BR,Visa
Disted,male,52,85.0,BR,MasterCard
Andifulated,male,43,111.1,BR,Visa
Entoofor,male,19,94.7,BR,Visa
Agar1946,female,74,66.9,BR,Visa
Woultand,female,42,52.2,BR,MasterCard
Drithad,female,35,74.7,BR,MasterCard
Onearry,male,53,98.9,BR,Visa
Twon1938,female,83,69.2,BR,Visa
Laustim,female,27,50.4,BR,MasterCard
Wasithe,female,75,76.4,BR,MasterCard
Treff1958,female,63,51.3,BR,Visa
Wersed,female,32,89.8,BR,MasterCard
Nouranglithe,female,57,67.4,BR,Visa
Whadming,female,50,54.1,BR,MasterCard
Prahmen1991,female,29,85.0,BR,MasterCard
Cationexprot,male,27,75.7,BR,MasterCard
Ceitheart,male,34,101.1,BR,MasterCard
Nothe1993,male,27,85.9,BR,MasterCard
Lethemstes,female,35,57.4,BR,Visa
Whaper,female,63,95.1,BR,MasterCard
Godenigh,male,23,88.8,BR,MasterCard
Fincen,male,34,95.6,BR,MasterCard
Thermisen,female,29,85.8,BR,Visa
Shant1981,male,39,83.0,BR,Visa
Mearronsid,female,25,59.8,BR,MasterCard
Upoinfor,female,29,73.3,BR,Visa
Whavillat,female,21,48.1,BR,MasterCard
Retharts,female,68,55.7,BR,Visa
Exch1945,female,76,67.1,BR,Visa
Lacce1968,female,53,95.5,BR,MasterCard
Alread,male,82,86.2,BR,MasterCard
Grout1979,male,42,100.0,BR,MasterCard
Saillower1940,female,81,94.0,BR,Visa
Selead,male,83,75.9,BR,Visa
Paingerace1963,female,58,53.7,BR,MasterCard
Witeres,male,39,92.0,BR,MasterCard
Thichise,male,80,61.0,BR,MasterCard
Minuncen,female,59,54.2,BR,MasterCard
Hersitervery,male,33,89.5,BR,MasterCard
Anter1961,male,60,71.4,BR,MasterCard
Trone1997,male,23,57.9,BR,MasterCard
Theromend,female,29,62.5,BR,MasterCard
Witteorsell,female,73,77.7,BR,Visa
Prityruccon,female,55,74.3,BR,MasterCard
Andsorses,female,52,59.0,BR,Visa
Spern1988,male,33,83.6,BR,Visa
Hatand,male,79,96.5,BR,Visa
Amettelly,female,39,83.3,BR,MasterCard
Togirtanot,male,44,87.0,BR,MasterCard
Hadge1963,female,58,85.6,BR,MasterCard
Mely1979,male,42,91.4,BR,Visa
Perinced,female,37,73.0,BR,MasterCard
Ciatell,male,53,86.1,BR,MasterCard
Rithatis,male,25,80.1,BR,MasterCard
Dreans,male,66,97.6,BR,Visa
Lovrearan,male,62,110.3,BR,Visa
Drife1986,male,35,97.5,BR,Visa
Socion,female,25,49.6,BR,MasterCard
Achis1998,male,23,107.8,BR,Visa
Womme1944,male,77,92.7,BR,Visa
Thaethrad,female,79,104.0,BR,Visa
Whatrold,male,37,115.8,BR,Visa
Outramer,female,73,95.6,BR,MasterCard
Congavoke,male,73,91.6,BR,Visa
Ablents,female,52,58.1,BR,MasterCard
Vallorrous,male,83,97.3,BR,Visa
Tishat,female,46,51.4,BR,Visa
Restled,male,58,69.6,BR,Visa
Castis,female,66,98.1,BR,MasterCard
Oncoure,male,79,69.1,BR,Visa
Knotargeed45,female,75,76.1,BR,Visa
Voill1992,female,28,98.8,BR,Visa
Signe1990,male,30,87.1,BR,MasterCard
Lifeatchas,female,38,74.3,BR,MasterCard
Headee,female,54,66.3,BR,MasterCard
Excume1999,female,22,97.3,BR,Visa
Samoke,female,52,91.4,BR,Visa
Tivents,male,42,109.8,BR,Visa
Slions,male,66,63.3,BR,Visa
Roustich,male,24,81.3,BR,Visa
Neeks1958,female,63,72.6,BR,MasterCard
Pophe1971,female,50,105.8,BR,Visa
Recamus,female,44,94.4,BR,MasterCard
Haniumader,female,48,91.2,BR,MasterCard
Fings1938,male,83,101.2,BR,Visa
Thethe,male,68,83.1,BR,MasterCard
Oursend,male,24,109.5,BR,MasterCard
Fropeasithey00,female,21,97.0,BR,Visa
Sonform,female,50,69.7,BR,Visa
Nouquall,female,80,58.6,BR,MasterCard
Bariders,male,28,99.3,BR,MasterCard
Wevoing2000,male,21,79.5,BR,Visa
Headee37,female,84,70.3,BR,Visa
Hithat1990,female,30,50.1,BR,MasterCard
Thent1943,female,78,74.0,BR,Visa
Symbeentere,male,75,83.0,BR,Visa
Disper,male,20,99.3,BR,MasterCard
Recomed,male,82,79.6,BR,MasterCard
Throdgent,female,76,98.5,BR,Visa
Floore77,female,44,98.1,BR,Visa
Fecloseraves,male,83,78.5,BR,MasterCard
Allympted,female,54,95.2,BR,MasterCard
Pubsed,female,79,105.3,BR,Visa
Baboyes1987,female,34,97.1,BR,Visa
Aremin,male,78,94.8,BR,MasterCard
Mortund,male,24,99.0,BR,MasterCard
Barl1940,male,81,71.8,BR,MasterCard
Bourn1942,female,78,50.5,BR,Visa
Evente,male,41,74.0,BR,Visa
Gage1974,male,47,110.0,BR,MasterCard
Somew1957,male,63,83.9,BR,MasterCard
Makince1996,male,24,90.7,BR,Visa
Dure1992,male,29,87.1,BR,MasterCard
Wheirlemse,male,73,103.6,BR,MasterCard
Wagary,female,70,95.0,BR,MasterCard
Hallory,male,37,74.4,BR,Visa
Fooke1949,female,72,65.0,BR,MasterCard
Notiontery,male,34,103.5,BR,Visa
Frates02,female,19,58.4,BR,Visa
Ecaut1991,female,30,86.8,BR,Visa
Sapieverever,female,44,55.7,BR,Visa
Nottakeling62,male,58,93.1,BR,Visa
Whis1967,male,54,72.3,BR,Visa
Thright1970,female,50,67.9,BR,Visa
Oursend90,female,30,84.4,BR,MasterCard
Sagem1968,female,53,61.7,BR,MasterCard
Safted1977,female,44,84.3,BR,Visa
Fibine,female,68,80.6,BR,Visa
Mainst,male,34,76.2,BR,Visa
Niname,female,46,52.3,BR,MasterCard
Wartind,female,38,65.2,BR,Visa
Sirlet1992,male,29,96.6,BR,MasterCard
Incere,female,29,58.8,BR,MasterCard
Thron1949,female,72,57.8,BR,Visa
Thestive,female,63,55.5,BR,MasterCard
Faten2002,male,19,69.9,BR,Visa
Agoing1994,female,27,68.6,BR,Visa
Foome1996,male,24,67.6,BR,Visa
Morsitens,male,48,89.8,BR,MasterCard
Lifecyll,female,45,53.4,BR,Visa
Coun1936,male,85,71.5,BR,MasterCard
Fulies,female,22,57.0,BR,MasterCard
Sookes,female,48,73.5,BR,Visa
Arabor,male,71,86.3,BR,Visa
Coure1938,female,83,53.9,BR,MasterCard
Majected,female,20,73.3,BR,MasterCard
Pored1971,male,50,106.1,BR,Visa
Sonvirsene,female,60,61.9,BR,MasterCard
Dend1954,female,67,56.2,BR,Visa
Drues1980,male,41,114.3,BR,MasterCard
Havers99,male,22,62.8,BR,MasterCard
Sagat1985,female,36,100.5,BR,Visa
Spersen,female,49,102.1,BR,Visa
Swassed,male,71,91.2,BR,MasterCard
Aftend,male,76,91.1,BR,MasterCard
Twithering,male,44,82.4,BR,MasterCard
Drave1936,female,85,48.8,BR,MasterCard
Twentortund,male,42,77.2,BR,MasterCard
Roughtne,female,47,104.6,BR,Visa
Whater,male,34,62.7,BR,Visa
Mexclosed1981,female,40,89.4,BR,MasterCard
Quieups,male,20,94.2,BR,Visa
Pariz1990,male,30,69.0,BR,Visa
Ouction,female,73,63.2,BR,MasterCard
Donorma,male,70,88.8,BR,MasterCard
Theirsen,male,51,67.1,BR,Visa
Witionothe,female,27,87.0,BR,MasterCard
Pillike65,female,56,98.6,BR,MasterCard
Fousteme,male,74,101.6,BR,Visa
Cionew,male,83,96.3,BR,Visa
Muright,male,28,71.0,BR,Visa
Oure1954,male,67,83.8,BR,Visa
Woemorre,male,53,94.0,BR,Visa
Youggairch01,male,20,91.8,BR,Visa
Eing1997,male,24,106.2,BR,MasterCard
Xvier1987,male,33,95.4,BR,MasterCard
Goth1975,male,46,84.0,BR,Visa
Thely1989,female,31,51.6,BR,Visa
Truiates,female,42,80.9,BR,Visa
Extat1962,male,58,105.2,BR,Visa
Prisperfes,male,79,102.9,BR,MasterCard
Woutentes,male,51,112.6,BR,MasterCard
Siverprours,male,59,98.2,BR,MasterCard
Brarms60,male,61,84.3,BR,MasterCard
Condeeng,male,79,75.1,BR,Visa
Thinge1986,male,35,106.9,BR,MasterCard
Theirm,female,53,53.1,BR,Visa
Deass1954,male,67,102.3,BR,Visa
Earld1956,female,65,82.7,BR,Visa
Sulame,female,34,70.6,BR,Visa
Molet1995,female,25,72.2,BR,Visa
Perrappe,male,27,62.7,BR,MasterCard
Nothaveld,male,22,62.7,BR,Visa
Noreopme,male,80,94.4,BR,Visa
Anted1943,female,77,73.7,BR,MasterCard
Himpless,male,25,104.1,BR,MasterCard
Agul1994,female,27,51.1,BR,Visa
Anduck,male,35,101.2,BR,Visa
Ideme1984,female,37,70.2,BR,Visa
Sourawaspen,male,74,79.5,BR,MasterCard
Henew1994,female,26,81.5,BR,MasterCard
Blebougge65,male,55,90.2,BR,MasterCard
Frotteart41,female,79,108.0,BR,MasterCard
Tweeks1968,male,53,73.0,BR,Visa
Dicable,female,42,67.5,BR,Visa
Thoillody,male,68,82.7,BR,Visa
Bligh1990,male,31,80.6,BR,MasterCard
Aphervin,female,24,64.7,BR,MasterCard
Sampriscrom,male,42,112.2,BR,Visa
Reemorted,female,62,91.6,BR,MasterCard
Fronly,male,80,93.1,BR,Visa
Momemence,male,20,93.6,BR,MasterCard
Muck1995,male,26,101.1,BR,Visa
Hined1957,female,64,54.5,BR,Visa
Shourring,female,82,74.7,BR,Visa
Somponts,male,74,70.4,BR,MasterCard
Hereemideem72,female,48,90.7,BR,Visa
Witimpen,male,62,100.4,BR,Visa
Thentry,male,76,97.9,BR,MasterCard
Yoution,female,46,63.8,BR,MasterCard
Ineclovent,female,54,90.6,BR,Visa
Frompan,male,59,111.5,BR,MasterCard
Thistrank,female,36,83.2,BR,MasterCard
Saild1940,female,80,100.5,BR,Visa
Plor1937,male,83,94.3,BR,MasterCard
Quodges,female,58,94.6,BR,Visa
Dentrecheigh,female,26,79.8,BR,Visa
Andeas,male,66,90.4,BR,MasterCard
Ancell,male,84,99.1,BR,Visa
Kinganduld,female,56,84.2,BR,Visa
Whimfoome,female,54,64.0,BR,MasterCard
Arded1964,male,56,109.4,BR,MasterCard
Wittled,male,42,103.1,BR,MasterCard
Hors1946,female,74,97.4,BR,MasterCard
Thems1948,female,72,92.5,BR,MasterCard
Enewalifirs,male,33,106.4,BR,MasterCard
Youblicut,male,28,86.1,BR,MasterCard
Torlut1936,male,84,94.2,BR,MasterCard
Upor1981,male,39,79.6,BR,Visa
Forgest,female,38,59.6,BR,Visa
Nalack51,female,69,77.9,BR,MasterCard
Knoly1948,female,73,68.1,BR,Visa
Therhad,female,24,58.5,BR,Visa
Lawl1963,female,57,94.8,BR,MasterCard
Afters,male,26,78.3,BR,MasterCard
Thettles,female,28,48.2,BR,MasterCard
Womuse,male,77,77.0,BR,MasterCard
Chising,female,85,91.5,BR,MasterCard
Peatchath,female,57,67.2,BR,MasterCard
Outeriesself,female,83,85.3,BR,Visa
Calist1980,male,41,82.1,BR,Visa
Eappy1957,female,64,65.4,BR,Visa
Fricul,male,47,86.9,BR,MasterCard
Witurpred,male,27,74.4,BR,Visa
Exiousle,male,59,87.9,BR,Visa
Fating,male,22,84.2,BR,MasterCard
Woarearume,female,24,65.0,BR,Visa
Upoices,male,31,69.7,BR,MasterCard
Compt1963,male,58,71.5,BR,Visa
Youl1988,female,32,67.0,BR,Visa
Riettereld,male,75,105.8,BR,MasterCard
Gooppoiner,male,39,67.6,BR,MasterCard
Brionvaved,male,73,60.4,BR,MasterCard
Romenswour,male,48,100.5,BR,MasterCard
Carthadvered1970,female,51,79.0,BR,Visa
Thintand,female,75,66.0,BR,MasterCard
Clacers1986,male,35,113.1,BR,MasterCard
Hited1995,female,26,95.3,BR,MasterCard
Colin1950,female,71,87.0,BR,MasterCard
Kintalind,female,44,87.1,BR,Visa
Evestan89,male,32,92.6,BR,MasterCard
Brombon,male,40,89.9,BR,MasterCard
Prelf1967,female,54,60.7,BR,MasterCard
Thationaning69,female,52,86.6,BR,MasterCard
Willim,female,22,96.5,BR,Visa
Whent1951,female,69,59.8,BR,Visa
Shostoodbods,female,19,87.1,BR,MasterCard
Longe1938,female,83,77.6,BR,MasterCard
Sulthen87,male,33,68.4,BR,MasterCard
Forphopeeks,male,59,110.8,BR,Visa
Cine1996,male,24,103.5,BR,Visa
Scouned,female,51,88.2,BR,Visa
Fiect1979,female,42,96.2,BR,Visa
Tromeen,male,31,106.9,BR,MasterCard
Natch1997,male,24,83.3,BR,MasterCard
Takis1979,male,42,65.3,BR,MasterCard
Cattell,female,23,86.9,BR,Visa
Giaten,female,37,77.7,BR,Visa
Youghte,male,30,111.7,BR,Visa
Linet1996,male,25,71.6,BR,MasterCard
Forneved79,female,41,76.1,BR,MasterCard
Reards,female,19,47.2,BR,Visa
Sames1936,male,84,92.2,BR,MasterCard
Ench1974,female,47,83.7,BR,MasterCard
Youncle,female,56,98.0,BR,Visa
Lowlence,female,80,81.1,BR,Visa
Yessed,female,39,102.9,BR,MasterCard
Milynaver,male,43,110.9,BR,Visa
Anting,male,72,87.3,BR,MasterCard
Hess2000,male,21,101.1,BR,MasterCard
Oncely,male,53,97.9,BR,MasterCard
Therecting,male,61,73.1,BR,Visa
Wilack,female,67,54.3,BR,Visa
Wentepturter,male,20,55.2,BR,Visa
Crues1990,female,31,71.7,BR,MasterCard
Afferore,female,60,51.2,BR,MasterCard
Alwyet,male,19,82.4,BR,Visa
Buteatelf85,female,36,67.6,BR,MasterCard
Purpoer1992,female,28,59.0,BR,Visa
Dowasobod,female,65,59.0,BR,Visa
Youshe,male,70,103.0,BR,Visa
Alitill1978,female,43,78.9,BR,MasterCard
Thatera1971,male,50,108.7,BR,Visa
Raity1950,male,71,80.4,BR,MasterCard
Atileture,male,44,78.8,BR,Visa
Witimpat,female,54,91.0,BR,Visa
Fearen,female,47,64.4,BR,MasterCard
Andisho,female,50,78.4,BR,MasterCard
Siltard,male,36,68.0,BR,Visa
Ustrave,female,76,88.8,BR,Visa
Warmaded,female,66,74.5,BR,MasterCard
Flove1971,male,49,112.0,BR,MasterCard
Slopeare1964,male,57,72.7,BR,Visa
Hishmad,female,26,53.2,BR,Visa
Narce1969,male,52,103.0,BR,Visa
Befousball,female,21,80.1,BR,Visa
Daref1995,male,26,92.5,BR,MasterCard
Guly1991,male,29,85.3,BR,Visa
CalkÃœrewn,male,28,110.1,BR,Visa
Majeough,male,21,59.2,BR,Visa
Horanot,female,66,85.9,BR,MasterCard
Afelf1975,male,46,85.1,BR,MasterCard
Conferverd,female,34,98.8,BR,MasterCard
Twoultaidne,female,20,85.4,BR,MasterCard
Hoel1945,female,75,75.7,BR,MasterCard
Stims1939,female,82,90.1,BR,Visa
Doetianighim,female,56,95.9,BR,Visa
Shesho1979,male,42,98.7,BR,MasterCard
Possiounds,female,54,91.3,BR,MasterCard
Colesed,male,48,77.6,BR,Visa
Poick1965,female,55,81.0,BR,MasterCard
Dech1955,male,66,63.4,BR,MasterCard
Ithey1949,female,72,87.9,BR,MasterCard
Lairieve2000,female,21,68.9,BR,Visa
Knould,male,19,58.2,BR,Visa
Coustim,female,76,59.2,BR,Visa
Regged,male,47,81.0,BR,MasterCard
Officeir,male,57,105.1,BR,MasterCard
Seep1973,female,47,103.3,BR,MasterCard
Tyrdeed,male,36,80.1,BR,Visa
Whicenty,female,47,79.7,BR,MasterCard
Lusake,female,35,50.1,BR,Visa
Brestiong,female,58,82.8,BR,Visa
Woongests,female,84,53.3,BR,Visa
Pongle1973,male,47,102.0,BR,MasterCard
Liket1951,female,70,88.7,BR,Visa
Toovers1957,female,63,58.1,BR,Visa
Rundis,female,48,65.8,BR,Visa
Coser2002,female,19,45.5,BR,MasterCard
Lankincte,male,42,84.0,BR,MasterCard
Tienard,male,25,95.4,BR,MasterCard
Whous1970,female,51,76.2,BR,MasterCard
Cled1968,male,52,112.3,BR,MasterCard
Andsho,male,63,92.0,BR,Visa
Acursent82,female,38,72.8,BR,MasterCard
Allynay,female,22,96.2,BR,MasterCard
Equallown,male,50,115.2,BR,MasterCard
Mareceing,male,68,83.3,BR,Visa
Withis,female,73,76.1,BR,MasterCard
Yeagaing,male,69,68.5,BR,MasterCard
Growit,male,41,101.5,BR,MasterCard
Thicks1965,male,55,107.8,BR,Visa
Wort1956,male,65,99.3,BR,MasterCard
Whaps2001,male,19,76.1,BR,Visa
Faccur,male,69,82.7,BR,MasterCard
Samightme,male,64,88.7,BR,MasterCard
Madireet,female,57,83.7,BR,Visa
Bobsoo,female,32,65.1,BR,MasterCard
Muscappend1937,male,84,66.2,BR,MasterCard
Agar1972,female,49,93.7,BR,MasterCard
Twongive,male,45,88.2,BR,Visa
Lien1966,female,55,79.2,BR,Visa
Difended46,male,75,90.2,BR,Visa
Theyeasion,female,64,86.5,BR,Visa
Piere1944,male,76,66.8,BR,Visa
Upord1943,male,77,63.3,BR,Visa
Yourew1987,male,33,109.0,BR,Visa
Hulstores,male,57,83.1,BR,MasterCard
Neway1955,female,66,76.3,BR,MasterCard
Youbtand1969,male,52,87.8,BR,Visa
Alreme,male,48,69.2,BR,MasterCard
Intelf95,male,26,92.5,BR,MasterCard
Recies1942,male,79,92.3,BR,MasterCard
Willogese,female,45,102.3,BR,MasterCard
Whencer,female,67,101.8,BR,Visa
Decough,male,78,96.4,BR,Visa
Appirdsmanne,male,60,81.0,BR,Visa
Upoester1961,female,60,54.9,BR,Visa
Takintor,male,35,110.3,BR,Visa
Wickly,female,25,97.6,BR,Visa
Hithe1967,female,53,91.5,BR,MasterCard
Toutur,female,43,74.4,BR,MasterCard
Therfull,female,85,74.8,BR,MasterCard
Paorat,female,49,78.2,BR,Visa
Andishmes,male,53,106.0,BR,Visa
Ponforsittle,female,83,71.7,BR,Visa
Caut1993,male,28,81.9,BR,Visa
Ostrailly,female,60,66.5,BR,Visa
Toged1960,female,61,99.2,BR,Visa
Theke1960,female,61,51.7,BR,Visa
Whiname78,female,42,65.4,BR,Visa
Behen2001,female,19,63.8,BR,Visa
Therfaid,female,76,85.3,BR,Visa
Ounkee1957,female,63,97.1,BR,MasterCard
Fack2000,male,20,87.4,BR,MasterCard
Overtaker,female,81,84.3,BR,MasterCard
Gratch,female,50,70.3,BR,MasterCard
Deast1984,female,36,97.3,BR,MasterCard
Ittleave,female,75,85.2,BR,MasterCard
Dout1991,male,30,69.3,BR,Visa
Anythat,female,23,95.3,BR,Visa
Witilly,female,61,84.2,BR,MasterCard
Indis1945,male,75,80.4,BR,Visa
Betmadvand,male,61,64.7,BR,MasterCard
Hapen2001,male,20,72.6,BR,Visa
Priting74,male,47,108.0,BR,MasterCard
Stooul,male,32,84.7,BR,Visa
Donleem,male,72,63.4,BR,Visa
Mcfaine,female,80,56.4,BR,MasterCard
Andeat,male,23,109.4,BR,Visa
Artiong,female,20,50.3,BR,MasterCard
Anquia,male,31,98.6,BR,Visa
Dresse,female,59,76.8,BR,MasterCard
Officeir2000,male,21,106.3,BR,Visa
Wishave37,male,84,97.6,BR,Visa
Entinver,male,64,85.3,BR,MasterCard
Cace1953,female,68,64.1,BR,Visa
Fortard1962,female,58,55.5,BR,Visa
Witena79,male,41,79.5,BR,Visa
Honesided,female,40,104.7,BR,Visa
Thewene,female,64,56.3,BR,Visa
Wasped,male,31,108.7,BR,Visa
Suce2001,female,20,81.6,BR,Visa
Beace1960,male,61,67.5,BR,Visa
Oberthe46,female,74,69.2,BR,MasterCard
Histiong,female,73,70.4,BR,MasterCard
Reld1946,male,75,69.3,BR,MasterCard
Beggall1958,male,63,101.7,BR,Visa
Shadming,male,31,108.7,BR,MasterCard
Motosed,female,51,79.5,BR,MasterCard
Pashe1944,male,77,65.3,BR,MasterCard
Tifficust,male,27,82.1,BR,Visa
Whin1994,male,26,70.3,BR,MasterCard
Thatounhould,female,52,102.4,BR,MasterCard
Cour1988,male,33,89.6,BR,Visa
Spal1942,female,78,74.7,BR,MasterCard
Bith1972,female,49,102.8,BR,MasterCard
Phlin1945,male,75,78.6,BR,Visa
Maged1939,female,81,56.3,BR,Visa
Turner,male,61,98.9,BR,MasterCard
Mact1994,female,27,56.8,BR,MasterCard
Alinitum,female,58,94.3,BR,Visa
Whistand,male,51,75.3,BR,Visa
Handeall,male,60,95.1,BR,MasterCard
Ponever,female,81,73.2,BR,Visa
Ruis1952,male,68,69.4,BR,Visa
Wharld,female,47,75.7,BR,Visa
Shonserema,male,29,110.3,BR,Visa
Finguedy,male,73,95.1,BR,MasterCard
Ountruer,male,78,92.0,BR,Visa
Arrote,female,56,55.9,BR,MasterCard
Tworaverefor,female,45,86.1,BR,Visa
Plinglors,female,54,54.0,BR,MasterCard
Prion1986,female,35,69.7,BR,Visa
Orms1975,female,45,95.4,BR,MasterCard
Andeas85,female,36,57.1,BR,Visa
Disse1974,male,47,65.6,BR,Visa
Squalkinsaid,male,75,60.2,BR,MasterCard
Naters,female,52,74.6,BR,Visa
Thelover,male,50,67.3,BR,Visa
Thum1956,female,64,51.4,BR,MasterCard
Wiltand,male,32,111.5,BR,MasterCard
Lacul1961,female,60,61.4,BR,Visa
Lanythe40,male,81,94.9,BR,Visa
Fuse1970,female,51,64.1,BR,MasterCard
Minimearts,male,47,87.8,BR,Visa
Aborest,male,36,96.4,BR,MasterCard
Youry1999,female,22,70.9,BR,MasterCard
Orpon1973,male,48,82.8,BR,Visa
Prining,male,84,79.3,BR,MasterCard
Himee1963,female,57,94.8,BR,MasterCard
Exprings,female,79,65.2,BR,Visa
Counaret,female,38,56.4,BR,MasterCard
Womak1964,male,57,109.5,BR,Visa
Promild,female,24,97.0,BR,MasterCard
Hapten,female,33,77.1,BR,Visa
Fints1953,male,68,103.5,BR,Visa
Hisday1939,male,82,70.4,BR,MasterCard
Youldeld,female,83,86.3,BR,MasterCard
Aftenteen,female,77,74.1,BR,Visa
Cied2001,male,20,70.4,BR,Visa
Tince1974,male,46,68.2,BR,MasterCard
Throod,male,47,68.0,BR,Visa
Prefor,female,63,69.1,BR,Visa
Mider1952,female,69,92.0,BR,Visa
Tursed,female,42,62.9,BR,Visa
Harosed,female,50,63.3,BR,MasterCard
Thiment,female,48,100.2,BR,Visa
Oloyed,male,21,75.0,BR,Visa
Alationever,male,59,75.4,BR,MasterCard
Notheires1992,male,29,104.2,BR,Visa
Tordely,female,56,83.7,BR,Visa
Othont1984,female,36,69.9,BR,MasterCard
Sojectrught,female,37,64.4,BR,MasterCard
Hicle1964,male,57,111.8,BR,MasterCard
Chatere,male,44,105.4,BR,Visa
Reludge,female,34,89.3,BR,Visa
Sittort,female,76,70.3,BR,Visa
Tial1973,female,47,100.2,BR,MasterCard
Throns,male,49,103.2,BR,Visa
Thithe,male,63,99.4,BR,Visa
Vence1997,male,24,101.4,BR,MasterCard
Yesithisces,female,55,92.1,BR,MasterCard
Goiderink,male,47,65.9,BR,Visa
Ofigaill,female,65,96.1,BR,MasterCard
Whorele,male,79,84.9,BR,Visa
Thadjoble1955,female,66,97.7,BR,Visa
Givernevends,female,84,63.0,BR,MasterCard
Wonean,female,25,95.3,BR,MasterCard
Mititem,female,55,91.1,BR,MasterCard
Oltous90,female,31,59.7,BR,Visa
Hartur,female,25,92.9,BR,MasterCard
Witurifted,male,59,82.5,BR,MasterCard
Friver,female,21,64.1,BR,MasterCard
Foraors,female,80,54.6,BR,MasterCard
Agnight,male,29,107.3,BR,Visa
Hurets,male,70,79.1,BR,MasterCard
Nespubbly,female,45,102.5,BR,Visa
Nothought,female,28,84.3,BR,MasterCard
Thens1969,male,51,113.5,BR,Visa
Chishat,female,33,51.6,BR,MasterCard
Wartan74,male,47,88.9,BR,Visa
Atudeas,female,51,68.3,BR,MasterCard
Ussighboult,female,24,67.2,BR,Visa
Befolver,female,46,77.7,BR,MasterCard
Evinly,female,47,66.6,BR,MasterCard
Ditake,female,80,73.3,BR,Visa
Thournes,male,36,110.9,BR,MasterCard
Crial1938,male,82,79.3,BR,Visa
Romard,male,33,90.1,BR,MasterCard
Butid1942,male,79,77.4,BR,Visa
Tralren1995,male,25,56.8,BR,MasterCard
Whiser,male,40,100.9,BR,MasterCard
Fromork,female,80,101.5,BR,Visa
Andescols,female,49,63.1,BR,Visa
Caph1943,female,77,77.2,BR,MasterCard
Pureet,male,31,101.9,BR,MasterCard
Histithad,female,69,88.3,BR,MasterCard
Wasioneating,female,53,89.2,BR,Visa
Betheraine,male,60,94.5,BR,MasterCard
Wassinger1943,male,78,79.4,BR,Visa
Contery,male,64,108.7,BR,MasterCard
Quer2000,male,21,107.1,BR,MasterCard
Canalountes,female,52,101.3,BR,Visa
Damedured,female,27,72.8,BR,MasterCard
Quar1975,female,46,62.8,BR,MasterCard
Kingliturt,female,84,66.4,BR,Visa
Unly1972,male,48,69.3,BR,MasterCard
Himeb1985,male,35,70.6,BR,Visa
Theramer,female,65,90.2,BR,Visa
Bossubjectis,female,51,74.6,BR,Visa
Thimoned,male,60,106.8,BR,MasterCard
Timit1952,female,68,92.0,BR,Visa
Therly,female,49,52.5,BR,MasterCard
Mobleclat,male,65,94.8,BR,Visa
Accur1973,female,48,94.4,BR,Visa
Lifely1953,male,68,71.8,BR,Visa
Hitle1996,female,25,48.4,BR,MasterCard
Havereste,male,63,81.6,BR,Visa
Pribut,female,35,83.2,BR,Visa
Hosly1936,female,84,50.0,BR,Visa
Queleandon,male,39,63.8,BR,Visa
Itake1941,male,80,65.7,BR,MasterCard
Rovers,male,73,100.4,BR,MasterCard
Witill,female,37,91.5,BR,MasterCard
Whister,female,37,97.3,BR,MasterCard
Judiction,male,40,88.5,BR,Visa
Scurinter1993,female,27,60.0,BR,MasterCard
Camects,male,57,83.8,BR,Visa
Kentemad,female,36,91.1,BR,MasterCard
Ster1980,male,41,101.6,BR,Visa
Froor1948,female,73,52.2,BR,Visa
Thenery,female,51,99.1,BR,MasterCard
Laideard,male,57,79.7,BR,MasterCard
Whister,female,53,88.9,BR,MasterCard
Sourawaspen,female,35,96.9,BR,Visa
Sekhas1995,female,26,80.3,BR,Visa
Waythe,male,54,94.2,BR,MasterCard
Specour,female,34,64.1,BR,Visa
Hoseverve,male,80,76.7,BR,MasterCard
Xyling,male,33,67.2,BR,Visa
Gall1968,male,53,67.3,BR,Visa
Thingdou,female,27,52.2,BR,Visa
Conifterato1993,female,28,48.3,BR,MasterCard
Suden1961,male,60,110.7,BR,Visa
Youghter,female,51,63.9,BR,MasterCard
Sabor1975,female,46,83.6,BR,MasterCard
Grals1984,female,36,92.7,BR,MasterCard
Plarturer,female,62,63.8,BR,MasterCard
Ginee1986,male,35,91.6,BR,MasterCard
Wolleationg,female,44,93.5,BR,MasterCard
Fifelue,female,59,83.0,BR,MasterCard
Givernevends,female,27,89.2,BR,MasterCard
Dified,female,69,100.3,BR,MasterCard
Moseas,female,34,78.6,BR,MasterCard
Sains1937,female,84,62.2,BR,Visa
Anatuother,female,80,57.9,BR,MasterCard
Woractagoine,female,36,93.2,BR,MasterCard
Prould,male,80,71.6,BR,Visa
Hatly1956,female,65,80.6,BR,MasterCard
Mcfaine,male,65,81.0,BR,Visa
Boyeto53,female,68,75.8,BR,MasterCard
Potteend,female,82,69.5,BR,Visa
Durfult,female,61,64.8,BR,Visa
Dops1961,female,59,73.2,BR,MasterCard
Hareade1948,female,73,91.2,BR,Visa
Examed1974,female,47,93.6,BR,Visa
Bromens,female,80,96.4,BR,Visa
Quede1973,male,47,97.7,BR,MasterCard
Butrunk,male,21,67.6,BR,Visa
Plattlying,male,74,71.1,BR,MasterCard
Anneized,female,85,94.2,BR,MasterCard
Minged,female,21,85.4,BR,Visa
Ribrow,male,34,79.3,BR,Visa
Succart,female,60,74.2,BR,MasterCard
Berne1938,female,82,85.5,BR,Visa
Smat1982,female,39,62.5,BR,Visa
Clacquam1957,male,63,63.5,BR,Visa
Ricated,female,46,80.6,BR,MasterCard
Graints,male,61,66.8,BR,Visa
Hame1963,female,58,70.7,BR,Visa
Meself,female,29,58.2,BR,MasterCard
Onthe1999,female,22,46.2,BR,MasterCard
Outramer,female,19,59.8,BR,Visa
Otion1973,male,48,70.4,BR,Visa